title,score
Attorney arrested by feds among Portland Wall of Moms protesters says she was not read rights,24873
"Portland bans police from working with federal law enforcement, targeting journalists and legal observers during protests",48012
House votes to remove Confederate statues from Capitol,8828
"U.S. no longer ""Safe Third Country"" Canada court rules",6356
"ACLU Sues Feds, Portland Police for Attacking Medics at Protests",5902
"Mayor of Portland, Oregon, tear gassed by federal agents",1034
5 UPS employees arrested for stealing guns from incoming packages,3380
"Video shows fatal restraint of Cornelius Frederick, 16, in Michigan foster facility",4114
"Philly SWAT officer seen pepper spraying kneeling protesters on 676 turns himself in, to be charged.",40544
The Boston Red Sox put up a Black Lives Matter billboard over the Massachusetts Turnpike,1095
Man sentenced to 1 year after being charged with 64 counts of sex abuse of children,3710
Rape suspect accused of assaulting four Penn State students is arrested,43537
More Wells Fargo customers say the bank decided to pause their mortgage payments without asking,2049
India journalist shot dead for reporting harassment of niece,13782
'Navy SEAL Karen' berates coffee shop barista after being told to wear a mask,4959
"Portland Commissioner Jo Ann Hardesty slams Mayor Ted Wheeler, blames Portland police for fires being set during protests",480
UK reveals path to citizenship for Hong Kong applicants - “They do not need to have a job before coming to the UK - they can look for work once here”,6107
Outbreak at Iowa pork plant was larger than state reported,3275
‘Occupy City Hall’ Encampment Taken Down in Pre-Dawn Raid by N.Y.P.D.,5410
"Parents of missing special needs child are not cooperating with investigation, police say",685
"Fired Minneapolis officer Derek Chauvin, wife charged with tax crimes",171
Minneapolis Police Experience Surge of Departures in Aftermath of George Floyd Protests,110
"'Virtually entire' fashion industry complicit in Uighur forced labour, say rights groups.",60
"Only 8% of Americans want schools to return as normal, new poll shows",46
Aurora City Council approves independent investigation into Elijah McClain's death,1851
Fort Hood soldier's body found near base; 3rd death in month,17784
U.S. orders China to shut Houston consulate in move Beijing calls 'unprecedented escalation',885
"China harboring military-linked fugitive scientist at San Francisco consulate, FBI says",62
FBI says it has evidence linking NJ judge family shooting suspect to Calif. murder,370
Indiana governor requires Hoosiers wear masks in public,155
"Archaeologists Find 30,000-Year-Old Stone Tools in Mexican Cave",70
Officer charged with pepper-spraying kneeling protesters,475
Judge to rule on unsealing records in defamation case against Ghislaine Maxwell,26
U.S. police forces experiment with cameras mounted on guns,97
Tesla picks Texas site for second US vehicle assembly plant,209
"Former Cardinal McCarrick accused of participating in beach house ‘sex ring,’ lawyers allege",322
Video showing what appears to be Worcester police officer slapping man in stretcher part of an internal investigation,30
Columbus Zoo searching for missing red panda,120
"Twitter bans 7,000 QAnon accounts, limits 150,000 others as part of broad crackdown",59980
"Receptionist job in Manchester diner gets 1,000 applications in 24 hours",36
Plant nursery under investigation for banning face masks,92
"Twitter says hackers accessed direct messages of 36 victims, including one elected official",71
Boys lose both parents within 2 weeks of each other,158
US secures 100 million doses of Pfizer coronavirus vaccine candidate - will pay $1.95 billion upon receipt,45
"2 men, 1 woman arrested in Polk County triple homicide",79
Former Wirecard CEO rearrested in Munich as prosecutors suspect $3.7 billion fraud,192
"DHS defends use of unmarked cars, unidentified officers arresting Portland protesters",9
FBI exhumes body of man who died in 2004 to investigate possible hate crime,121
AT&T tells customers to change their phones or they won't work anymore,408
Canada court throws out US asylum pact over refugee detentions,19
"Mississippi politico, civil rights figure Charles Evers dies",57
Hurricane Douglas could hit Hawaii over the weekend,42
'Mitch better have my money': Unemployment benefits protest held outside McConnell's home,8
Sierra Club Says It Must Confront the Racism of Founder John Muir,43
"NSW police chief undermined legal challenge to BLM protest planned for Sydney, organisers say",11
Highway deaths spike for third-straight month as drivers take advantage of empty roads,68
11th Circuit Panel on 2-1 Vote Rejects Challenge to Alabama Voter Identification Law Without Allowing a Trial,35
Portland protest delivers hostile greeting to Mayor Ted Wheeler Wednesday (live updates),20
E.P.A. Proposes Airplane Emission Standards That Airlines Already Meet,83
U.S. Homeland Security confirms three units sent paramilitary officers to Portland,80878
"Quebec sisters found dead were victims of double murder by father, police say",66
"Portland Mayor Ted Wheeler Faces Boos, Calls To Resign And Tear Gas",11
This mom donated her lottery winnings to a wounded police officer. Now the community is paying her back,30
A new video shows Russian military vehicles harassing a US convoy in Syria. It isn't the first time,187
Israeli MPs pass bill to ban 'gay conversion' therapy.,7
'Third thumb' human augmentation rewires the brain,36
Astronomers capture first images of multiplanet system around sunlike star,296
Some Nevada County businesses continue to operate despite food permit revocation,11
Ubisoft devs say they fought playable torture scenes and were told to minimise female protaganists,567
"German court convicts former SS guard, 93, of being an accessory to murder at the Stutthof concentration camp",8
Walz to mandate face masks indoors across Minnesota,170
Police officer suspected of etching swastika onto colleague’s uniform,162
MPs have voted against protecting the NHS from foreign control - here's what that means,6
Toronto Blue Jays denied permission to play in Pittsburgh's PNC Park for 2020 MLB season,28
First Ever Image of a Multi-Planet System around a Sun-like Star Captured By ESO Telescope,130
Houston fire and police responding to reports of documents being burned at Consulate General of China,1921
"China harboring military-linked fugitive scientist at San Francisco consulate, FBI says",5
Video shows man intentionally coughing on South Carolina Walmart merchandise,2480
California woman allegedly pees on floor of Verizon store after being asked to wear a mask,4185
"Man kicks down door, shoots ex-girlfriend to death as she lay with 4-year-old daughter",378
Fugitive Chinese researcher 'hiding in consulate,4
Palestinian cyclists say attacked by Israeli settlers after trail app led them astray,424
Fiat offices raided over diesel emissions claims,81
"Man ordered to pay £6,000 for going for haircut in lockdown",107
LA Fines Businesses $356 For Posting ‘We’re Open’ Signs,4
Satanic Temple offers scholarships to high school grads,5358
Thousands of dollars worth of bicycles stolen in shop burglary,22
FBI exhumes body of man who died in 2004 to investigate possible hate crime,4
Tropical Storm Gonzalo forecast to become 2020's first hurricane of the year,55
"2 brothers, girlfriend arrested in ""massacre"" of 3 best friends on fishing trip",9
Man accused of robbing Ohio bank while holding toddler,211
"3-year-old dies, sister in critical condition after found in hot car",114
Earliest evidence for humans in the Americas,72
A black woman faces prison for a voting mistake. Prosecutors just doubled the charges,2951
Trio arrested in connection with murder of Florida fishing group,97
The first active leak of sea-bed methane discovered in Antarctica.,501
FDA recalls more hand sanitizers for toxic chemicals,74
France apartment fire: crowd catches two children in three-storey fall,3
Alameda police chief to resign following criticism against police department,28
Walmart closing stores on Thanksgiving,70437
Hostage siege ends in Ukraine after President agrees to recommend 2005 Joaquin Phoenix film,31
Lawyer for Epstein's ex-girlfriend seeks gag order in case,1157
US Marshals: 'Fugitive of week' found asleep on porch,41
"Condemned Tennessee Inmate Claims Innocence, Seeks DNA Tests",58
"Canada's asylum agreement with the U.S. infringes on Charter, says Federal Court",21
"Ice cream in, personal hygiene out in lockdown",3
15 People Wounded In Mass Shooting Outside Funeral In Auburn Gresham,101
'Anti-feminist' lawyer suspected of murdering US judge's son may have killed before,1285
"Oakland Splits on More Police Funding Cuts, Mayor Breaks Tie With ‘No' Vote",188
2 boys saved when caught in falls in French apartment fire,47
AP Exclusive: Aid from top donors drops even as need soars,29
US immunity 'loophole' closed after Dunn death,78
"Powerful quake jolts Alaska towns, produces small tsunami",53
Germany's Ritter Sport wins square chocolate battle against Milka,2
Afghan girl kills two Taliban fighters after parents murdered,4456
"Lafayette, LA council supports effort to remove Confederate statue from city property",111
Naval Academy midshipman guilty of sexual assault,2
Alex Trebek clarifies comment about stopping cancer treatment,23
"Tesla's profit sets up S&amp;P 500 entry, while Musk pushes for growth",16
FBI investigating possible ties between murder of judge's family and killing of California lawyer,1560
70 year old Miss woman charged with resisting arrest.,2
Officers Fatally Shoot SUV Passenger in Oklahoma City,32
Last Qantas 747 jet retires with 'flying kangaroo' in the sky,3
‘Multiple people’ shot near Chicago funeral home,905
Census Deadline is now October 31st,37
DA: Man faked death to avoid jail but typo gave him away,124
"Goldman Sachs joins NBA stars Carmelo Anthony, Chris Paul and Dwyane Wade to create Social Change Fund",21
Tesla lawsuit accuses rival of stealing staff and trade secrets,6
'Rolling protester' faces child porn charges,4
Faith Refuge offers kennels for client’s canine companions,23
Lawsuit: Officer fired over McClain photo denied hearing,16
"1 dead, 1 injured at mall shooting in St. Louis suburb",16
Man who originally faced over 60 child sex abuse charges gets 1-year deferred sentence in plea deal,1176
A California city erases ‘Black Lives Matter’ mural after ‘MAGA 2020’ one proposed,6641
Cinnamon linked to blood sugar control in prediabetes,356
Tropical Storm Gonzalo sets a record as it churns toward the Caribbean,28
Attorneys seek to move 'Miracle on Ice' hockey star Mark Pavelich to less restrictive facility,19
LG Recalls 60K OLED TVs Due to Overheating Problem,58
Body found in wreckage of pawnshop burned during George Floyd unrest,6696
"Canada's asylum agreement with the U.S. infringes on Charter, says Federal Court",22
Human Rights Watch criticises Japan after report reveals abuse of athletes,38
"In another night of unrest in Portland, tear gas hits mayor",0
"Hitting children with bats and sticks, slapping them across the face, and holding their heads underwater to simulate drowning are some of the abusive coaching techniques allegedly used in Japan as revealed in a report by Human Rights Watch (HRW).",9404
"Preliminary 7.8 earthquake rocks Alaska, USGS says",158
Researchers say blood test can detect cancer years before symptoms,332
Militarized Agents Seen in Portland are Deploying to Chicago -and perhaps further.,25569
"Federal agents, Portland protesters standoff as chaos envelopes portions of city",739
Caught on Camera: Face mask disagreement sparks shouting match in Martinez Walmart,31
Moms and dads assemble to protect Portland protesters,156
US offers $5m reward for Venezuela's chief justice,33
Man at Pa. Walmart accused of spitting in woman’s face for asking him to wear face mask: state cops,2102
"Alex Trebek says if current cancer treatment doesn't work, it might be his last",1343
Microsoft may face EU antitrust probe after Slack complaint on tying practice,18
"U.S. gov't, Pfizer, BioNTech reach deal to distribute COVID-19 vaccine",30
Immunity rule changed in wake of Harry Dunn death,47
"Nearly 300,000 chickens die in massive fire in New Jersey",222
Serena Williams and her daughter join Natalie Portman to found women's football team,349
Jeff Bezos added $13 billion to his net worth in one day—and that's a record,1073
Baltimore police officer pleads guilty to child porn charge,607
Opelousas board fires white police officer accused of beating Black man in hospital bed,368
"Three Gorges Dam deformed but safe, say operators",144
Santa Fe school counselor accused of racism back at work,16
Detroit police officer charged for allegedly shooting 3 photojournalists with rubber pellets during protest,4611
Sheriff’s office investigating social media photo showing man kneeling on child’s neck,176
Tsunami warning as earthquake hits off Alaska | DW | 22.07.2020,54
Sydney Black Lives Matter protest organisers say rally will proceed despite PM and premier's condemnation,78
"Nevada cannabis company faces record penalty, licenses revoked amid multiple allegations",55
Former New Jersey Starbucks employee arrested for allegedly spitting in police officers' drinks,68
Burger King wins dismissal of vegans' lawsuit over Impossible Whopper,193
Climate change on track to wipe out polar bears by end of century,103
China imprisons two Tibetans for song praising His Holiness the Dalai Lama,1313
"""BC Premier formally asks federal government to decriminalize illegal drugs""",262
BIPOC Correctional Officers File Discrimination Charges After Allegedly Being Barred From Guarding Derek Chauvin,48
Less momentum for Confederate statue removal in rural areas,14
Metal Eating Bacteria Found in Dirty Glassware,93
"Michael Brooks, political commentator and podcast host, dies at 36",160
"Starbucks employee spit in drinks served to officers, police say",241
"Sturddlefish, fish hybrid, accidentally created by scientists",68
"TikTok wants to hire 10,000 staff in the U.S. even though it’s at risk of being banned",381
"California church defying shutdown order got PPP loan of at least $350,000 in April",55442
"MIT engineers designed an affordable, reusable face mask that's as effective as an N95 — take a look",207
California court upholds verdict in Monsanto cancer case,1260
NFL planning to allow social justice decals on helmets,411
Scientists accidentally create new hybrid fish - CNN Video,22
"Newark airport passenger hid assault rifle, hollow-point bullets in suitcase liner, TSA says",237
Chinese Hackers Charged in Decade-Long Crime and Spying Spree,66
McDonald’s employee pulls knife on customer after verbal confrontation.,98
"MIT engineers designed an affordable, reusable face mask that's as effective as an N95 — take a look",31
Scientists one step closer to delaying aging,32
Huawei will not be prevented from investing in France: Le Maire,48
Toronto Raptors' Nick Nurse surprises Mississauga music teacher with $25K from foundation for new instruments,71
Police: Vegas man recorded 'thrill killing' and 2nd shooting,155
Greta Thunberg gives €1m award money to climate groups | Environment,4924
Amateur astronomers discover an exoplanet candidate for the first time,72
Minnesota lawmakers ban neck restraints after Floyd's death,277
US sanctions 11 Chinese companies over human rights abuses in Xinjiang,771
Dr. Anthony Fauci to throw first pitch for Nationals on Opening Day,85167
China Launches Bold attempt to land rover on Mars,0
"Young boy wins bike, gives neighbor the new wheels",184
Florida's largest teachers' union files suit against state over school reopenings,18664
Russia report reveals UK government failed to address Kremlin interference,682
"Russia meddled in Scottish vote, unclear on Brexit: UK parliament",218
Ex-student pleads to swatting conspiracy with neo-Nazi,103
"Portland Mayor Ted Wheeler says he’ll keep leading police bureau, city exploring legal action to address federal officers at protests",2937
"Lawsuit accuses ex-Fox News reporter Ed Henry of rape, says Sean Hannity, Tucker Carlson harassed other woman",11446
Threat of drenching storms to shift from Midwest to Northeast,31
Planned Parenthood in N.Y. Disavows Margaret Sanger Over Eugenics,201
"Armed man takes 20 hostages on bus in Ukraine, may have explosives",484
U.S. accuses Chinese nationals of hacking spree for data and defense secrets,31
"ACLU, law firm sue for Michael Cohen's release",217
"NFL, union agree on daily testing for start of camp",22
"Suspect found dead after federal Judge's son shot and killed, husband injured at their NJ home",34021
Giants' Alyssa Nakken becomes first woman to coach on-field in MLB game,120
IBM researchers tout potential key to reversing antibiotic resistance | ZDNet,153
U.S. officials defend Portland crackdown: 'We're not going to apologize',65710
Fiat Chrysler and Waymo sign exclusive deal on self-driving commercial vehicles,7
Lyft quietly partners with defense contractor to provide PPE to drivers,109
Surgeon general makes impassioned plea to Fox News viewers to wear face coverings in public,10138
"Apple to remove carbon from supply chain, products by 2030",102
Whole Foods employees file lawsuit against grocery chain for allegedly disciplining workers who wore BLM masks,12949
Red Sea corals' heat tolerance offers hope for climate crisis | Science,58
"Move Oregon’s Border movement loses in federal court, but declares success in Wallowa County",70
"FBI launches raids related to Ohio's nuclear bailout, source says",92
St. Louis couple charged for pulling guns at protest,1877
Federal authorities answer questions about role in Portland,23
Mother of CHOP shooting victim files wrongful death claim against Seattle,1310
Odwalla Smoothies to Be Shelved Forever by Parent Company Coca-Cola,57
Belgian authorities probe police 'kneeling' death,72
"Seattle Police release bodycam footage showing violent clash between protesters, officers",269
"Noisy Black Lives Matter supporters crash Pro Police rally at Civic Center Park, bring it to an end",8165
"Frank Scurlock, former mayoral candidate, sues newspaper over story on masturbation charge",61
A Navy veteran says he was beaten and pepper sprayed by authorities while attending his first protest in Portland,86366
B.C. man who opted out of MSP dies following battle with cancer,38
Wall of Moms' stand between Portland Black Lives Matter protesters and federal agents,1227
"David Leong, inventor of Springfield Cashew Chicken, dead at 99",26
Federal court strikes down NC's controversial 'ag-gag' law,2106
"Former Chattanooga Police sergeant charged with possession of meth, heroin",2555
"Seattle ban on crowd control weapons violated consent decree, says DOJ",1102
A New York restaurant owner set fire to a table where Jeffrey Epstein and Harvey Weinstein used to sit,4511
Marriott Will Require All Guests To Wear Face Masks,402
"VPNs With ""Zero Log"" Policy Leak 1.2 TB Data Of Millions Of Users",271
Justice Department charges Stanford researcher with lying about ties to Chinese military,220
The U.S. Supreme Court has rejected a bid by the House of Representatives to fast-track its attempt to enforce subpoenas seeking Trump’s financial records.,1193
US-Indian navies conduct joint drill in Indian Ocean in a strong message to China.,949
"Suspect in fatal shooting at home of Judge Esther Salas described himself as an 'anti-feminist' lawyer, once argued a case before the judge",306
Rich Americans spew more carbon pollution at home than poor,162
UK Chinese ambassador confronted on live television with Uighur prisoner footage,3550
Winn-Dixie won't require shoppers to wear face masks in its stores,534
Naloxone saves OPP K9 Maximus after fentanyl exposure in Leamington,288
Hamas and Fatah agree to hold national festival in Gaza,3
CBS New York reporter Nina Kapur dies after moped crash,668
Thousands to walk off job to protest racial inequality,2219
"Federal judge's son shot and killed, husband injured in attack at their NJ home",22372
KFC partners with 3D-bioprinting firm to make chicken nuggets from plant matter and poultry cells,160
NSW police chief vows to block Black Lives Matter protest planned for Sydney,1420
"Former skater sues coach, federation over alleged sexual abuse and coverup",127
U of M researchers make breakthrough in fight against deadly children's cancer,174
"NorCal restaurant refuses to serve customers wearing masks, could face license suspension",55208
"US accuses supplier for Amazon, Apple, Dell, GM, Microsoft of human rights abuses – The company, whose tech helps power phones, tablets and wearables, is accused of helping China's campaign against Uighurs.",350
"Saudi King Salman, 84, admitted to hospital",378
CMPD officer’s 3-year-old son accidentally shoots self [in hand],94
US judge denies release to girl in homework case,88
"Amazon officially delays Prime Day, but hasn’t set a new date",30
"Police announce ramp closures after semi-truck crash spills 30,000 pounds of Coca Cola",66
Coronavirus: Oxford vaccine triggers immune response,271
"Nearly 17,000 Southwest employees sign up for buyouts, voluntary leave as furlough threat looms",328
Rescuers struggle to free sperm whale trapped in netting off Sicily,643
Portland protester describes beating by federal officers,12478
Exclusive: Mexico eager to lure firms from Asia under new trade deal,64
Four-year-old lands book deal for his 'astonishing' poetry,0
Man walks into gas station holding ax then steals a bag of chips in Rochester Hills,50
‘We felt it was important.’ Ann Arbor raises Black Lives Matter flag at city hall,209
"Maskless woman flips off pizza shop employees, runs over cop’s foot",11594
Quebec manhunt ends after police discover body believed to be Martin Carpentier,57
EU reaches deal on post-pandemic recovery after marathon summit,32
"FDA calls for removal of fruity, disposable Puff Bar vapes",179
"Israeli supermodel Bar Refaeli, mother admit to tax evasion",94
Trans women face potential women’s rugby ban over safety concerns,276
"Lawsuits allege Nebraska mishandled reports of sexual assault, harassment",54
Babysitter charged with murder in death of Philadelphia 2-year-old,122
Pennsylvania’s top prosecutor is reviewing allegations of racism by police in rural Montgomery County,61
"Disney World Closes Mask Loophole, Bans Eating And Drinking While Walking",67133
Korea 'Digital Prison' reveals identities of child porn site operator and judges who released him,1322
Phoenix police release body cam footage of deadly driveway shooting of James Garcia,103
Owner of shuttered dairy sentenced to 10 years in $60M fraud,74
Officer in Rayshard Brooks' slaying wants prosecutor removed,47
"N.J. mall worker hit with belt, spit at after asking 2 customers to pull up their masks",9657
Rapist who defecated in court gets additional jail time as he is unfit for caning,165
Cleanup and repair of Colorado’s Capitol will cost more than $1 million — and work will last until winter,75
Dreamworld parent company Ardent Leisure faces three charges over deadly ride accident,30
